{"cameraMode":{"drawMode":0,"name":"Shaded","section":"Shading Mode"},"sceneLighting":false,"audioPlay":false,"sceneViewState":{"m_AlwaysRefresh":false,"showFog":true,"showSkybox":false,"showFlares":true,"showImageEffects":true,"showParticleSystems":true,"showVisualEffectGraphs":true,"m_FxEnabled":true},"in2DMode":false,"pivot":{"x":-0.0018830844201147557,"y":-2.961932420730591,"z":-0.09249930083751679},"rotation":{"x":-0.021306877955794336,"y":-0.009900413453578949,"z":0.00021101965103298426,"w":-0.9997262358665466},"size":0.26692694425582888,"orthographic":false}